Week,Day,PostType,ICP,Problem,Outcome,CommonBelief,ClientName,Timeframe,Metric1,Metric2,Metric3,DataPoint,ImageConcept
1,Montag,Authority Builder,Mittelständische Unternehmer,Prozessoptimierung,40% mehr Effizienz,Mehr Arbeit führt zu mehr Erfolg,Tech Solutions GmbH,90 Tagen,35% weniger manuelle Arbeit,50% schnellere Durchlaufzeiten,20% Kostenersparnis,73% der Unternehmen haben keine dokumentierten Prozesse,Ein überlasteter Manager vs. ein entspannter mit System
1,Dienstag,Client Win,Führungskräfte im Vertrieb,Leadgenerierung,3x mehr qualifizierte Leads,Cold Calling ist die beste Methode,Müller & Partner AG,60 Tagen,247% mehr Inbound-Anfragen,65% höhere Conversion-Rate,40% weniger Akquise-Zeit,Nur 2% der Cold Calls führen zu Terminen,Vorher: Telefonhörer mit Schweißtropfen - Nachher: Laptop mit eingehenden Nachrichten
1,Mittwoch,Controversy,Geschäftsführer KMU,Digitale Transformation,Wettbewerbsvorteil sichern,Digitalisierung ist teuer und kompliziert,Schmidt Digital Consulting,6 Monaten,89% ROI im ersten Jahr,3 Monate Implementierungszeit,15 automatisierte Prozesse,67% der Digitalisierungsprojekte scheitern an der Strategie,Dinosaurier mit Laptop vs. agiler Startup-Gründer
1,Donnerstag,Mistake Post,Selbstständige Berater,Pricing-Strategie,Premium-Preise durchsetzen,Niedrige Preise bringen mehr Kunden,Coaching Excellence,4 Wochen,180% Umsatzsteigerung,50% weniger aber bessere Kunden,3x höhere Marge,82% der Berater sind unter ihrem Marktwert gepreist,Ausverkaufsschild vs. Luxusboutique-Schaufenster
1,Freitag,Audit/Critique,Marketing-Manager,LinkedIn-Strategie,Thought Leadership aufbauen,Mehr Posts = Mehr Reichweite,Brand Builders Ltd,30 Tagen,5x mehr Engagement,200% mehr Profilaufrufe,15 warme Leads pro Woche,91% der LinkedIn-Profile haben keine klare Positionierung,Detektiv mit Lupe der Profile analysiert
1,Samstag,Data Drop,Vertriebsleiter,Sales Performance,Vorhersagbare Pipeline,Mehr Aktivität = Mehr Umsatz,Sales Force Pro,45 Tagen,156% Pipeline-Wachstum,38% kürzerer Sales-Cycle,4.2x ROI auf Beratung,Nur 23% der Sales-Teams haben einen dokumentierten Prozess,Grafik mit steigenden Zahlen und überraschtem Gesicht
2,Montag,Authority Builder,HR-Leiter,Mitarbeitergewinnung,Top-Talente anziehen,Gehalt ist der wichtigste Faktor,Talent Magnet HR,8 Wochen,67% mehr Bewerbungen,45% schnellere Besetzung,90% Retention nach 1 Jahr,74% der Kandidaten recherchieren Arbeitgebermarke,Magnet der Talente anzieht vs. leerer Schreibtisch
2,Dienstag,Client Win,E-Commerce Manager,Conversion-Optimierung,Umsatz verdoppeln,Mehr Traffic = Mehr Umsatz,Online Shop Pro,12 Wochen,127% mehr Conversions,34% höherer Warenkorb,2.8x ROAS,Durchschnittliche E-Commerce Conversion liegt bei nur 2.3%,Einkaufswagen der überquillt vor Freude
2,Mittwoch,Controversy,Startup-Gründer,Skalierung,Nachhaltiges Wachstum,Schnelles Wachstum ist immer gut,Scale Smart Inc,6 Monaten,Kontrolliertes 150% Wachstum,Profitabilität von Tag 1,Stable Unit Economics,70% der schnell wachsenden Startups scheitern innerhalb von 3 Jahren,Rakete die abstürzt vs. Flugzeug das sanft steigt
2,Donnerstag,Mistake Post,Projektmanager,Ressourcenplanung,Projekte pünktlich liefern,Mehr Ressourcen lösen alle Probleme,Project Excellence,3 Monaten,35% schnellere Projektabschlüsse,Zero Budget-Überschreitungen,100% Stakeholder-Zufriedenheit,64% aller Projekte überschreiten Budget oder Timeline,Jongleur mit zu vielen Bällen der alle fallen lässt
2,Freitag,Audit/Critique,Content Creator,Content-Strategie,Viral gehen,Quantität schlägt Qualität,Content Kings Agency,4 Wochen,10x mehr Shares,5x längere Verweildauer,300% mehr Follower,93% des Contents bekommt kein Engagement,Müllhaufen von Posts vs. diamantener einzelner Post
2,Samstag,Data Drop,CFO/Finanzleiter,Kostenoptimierung,20% Kosteneinsparung,Kostensenkung schadet der Qualität,Finance Optimize,90 Tagen,23% Kostenreduktion,15% Effizienzsteigerung,Zero Qualitätsverlust,Unternehmen verschwenden durchschnittlich 30% ihres IT-Budgets,Geldbündel das in Flammen aufgeht vs. wachsende Spardose
